ID,No.,Type,Star,Name,Doll ID,Doll,Damage,Accuracy,Evasion,Move Speed,Rate of Fire,Crit.Rate,Crit.Damage,Armor Pen.,Armor,Shield,Damage Amplify,Damage Reduction,Night View,Rounds,Equip Exp,Equip Level,Adjust Count,Locked
26510955,65,Supp (Silencer),★★★★,AC3 Suppressor,-,-,-,-,4,-,-,-,10%,-,-,-,-,-,-,-,0,0,0,
26591069,44,Plate (Body),★★★★★,Type 3 Armor Plate,181138427,Nova,-,-,-2,-,-,-,-,-,11,-,-,-,-,-,10000,10,6,
26591072,32,HV (Ammo),★★★★★,APCR High-Velocity Ammo,134108808,M4A1 Mod,20,-,-,-,-,-,-,-,-,-,-,-,-,-,10000,10,4,
26807258,8,EOT (Holographic),★★★★★,EOT 518,-,-,5,7,-,-,-5,-,-,-,-,-,-,-,-,-,1350,4,0,
26914037,4,Optical,★★★★★,VFL 6-24X56,185127830,Type56R Mod,-,-,-,-,-,-,48%,-,-,-,-,-,-,-,10000,10,11,
26972936,3,Optical,★★★★,PSO-1,-,-,-,-,-,-,-,-,19%,-,-,-,-,-,-,-,650,4,0,
27064788,89,Cape (Body),★★★★,Urban Camouflage Cape,-,-,-,-,-,-3,-,9%,-,-,-,-,-,-,-,-,0,0,0,
27064793,40,T Exo (Body),★★★★★,IOP T4 Exoskeleton,138597581,Stechkin Mod,-6,-,32,-,-,-,-,-,-,-,-,-,-,-,4050,7,6,
27091790,3,Optical,★★★★,PSO-1,-,-,-,-,-,-,-,-,16%,-,-,-,-,-,-,-,0,0,2,
27199054,89,Cape (Body),★★★★,Urban Camouflage Cape,-,-,-,-,-,-3,-,14%,-,-,-,-,-,-,-,-,2800,8,0,
27303470,19,AP (Ammo),★★★★,Mk169 Armor-Piercing Ammo,-,-,-,-,-,-,-,-,-,100,-,-,-,-,-,-,1,0,0,
27315893,19,AP (Ammo),★★★★,Mk169 Armor-Piercing Ammo,-,-,-,-,-,-,-,-,-,100,-,-,-,-,-,-,1,0,0,
27315895,15,PEQ (Night Equip),★★★★,PEQ-15,-,-,-,-,-,-,-,-,-,-,-,-,-,-,85%,-,1,0,0,
27315896,15,PEQ (Night Equip),★★★★,PEQ-15,-,-,-,-,-,-,-,-,-,-,-,-,-,-,85%,-,1,0,0,
27315897,19,AP (Ammo),★★★★,Mk169 Armor-Piercing Ammo,-,-,-,-,-,-,-,-,-,100,-,-,-,-,-,-,1,0,0,
27315902,3,Optical,★★★★,PSO-1,-,-,-,-,-,-,-,-,16%,-,-,-,-,-,-,-,1,0,0,
27329568,20,AP (Ammo),★★★★★,Mk211 High-Explosive Armor-Piercing Ammo,175028849,General Liu,-,-,-,-,-,-,-,161,-,-,-,-,-,-,5600,8,0,
27431332,66,Supp (Silencer),★★★★★,AC4 Suppressor,135948398,RO635 Mod,-,-,10,-,-,-,20%,-,-,-,-,-,-,-,10000,10,6,
27469244,90,Cape (Body),★★★★★,Thermoptic Camouflage Cape,175028849,General Liu,-,-,-,-3,-,23%,-,-,-,-,-,-,-,-,6150,8,4,
27485064,183,Sp. Eq (Exclusive),★★★★★,Duelling Cards,137876853,Rico,-,-,-,-3,-,43%,-,-,-,-,-,-,-,-,25326,9,5,Locked
27504419,66,Supp (Silencer),★★★★★,AC4 Suppressor,139525998,P90,-,-,9,-,-,-,17%,-,-,-,-,-,-,-,2101,5,6,
27516587,12,Red Dot,★★★★★,ITI MARS,-,-,-,24,-,-,-1,-,-,-,-,-,-,-,-,-,3200,6,11,
27521962,71,HP (Ammo),★★★★,ILM Hollow-Point Ammo,-,-,4,-,-,-,-,-,-,-5,-,-,-,-,-,-,0,0,0,
27665370,12,Red Dot,★★★★★,ITI MARS,-,-,-,25,-,-,-1,-,-,-,-,-,-,-,-,-,4500,7,16,
27682448,184,Sp. Eq (Exclusive),★★★★★,Fairy Tale Picture Books,-,-,10,-,13,-,-,-,-,-,-,-,-,-,-,-,4551,4,0,
27782356,12,Red Dot,★★★★★,ITI MARS,-,-,-,16,-,-,-3,-,-,-,-,-,-,-,-,-,1550,4,0,
27824820,71,HP (Ammo),★★★★,ILM Hollow-Point Ammo,135948398,RO635 Mod,4,-,-,-,-,-,-,-5,-,-,-,-,-,-,0,0,0,
27830186,71,HP (Ammo),★★★★,ILM Hollow-Point Ammo,137877288,M950A Mod,4,-,-,-,-,-,-,-5,-,-,-,-,-,-,0,0,0,
27832899,65,Supp (Silencer),★★★★,AC3 Suppressor,-,-,-,-,4,-,-,-,10%,-,-,-,-,-,-,-,0,0,0,
27845056,65,Supp (Silencer),★★★★,AC3 Suppressor,140713963,Gr Mk23,-,-,4,-,-,-,9%,-,-,-,-,-,-,-,0,0,0,
27931317,95,HP (Ammo),★★★★★,16Lab Hollow-Point,138597581,Stechkin Mod,11,-,-,-,-,-,-,-7,-,-,-,-,-,-,1051,3,0,
27931320,110,HV (Ammo),★★★★★,16Lab High-Velocity Ammo,-,-,18,-,-,-,-,-,-,-,-,-,-,-,-,-,5601,8,0,
27992566,89,Cape (Body),★★★★,Urban Camouflage Cape,-,-,-,-,-,-3,-,8%,-,-,-,-,-,-,-,-,0,0,0,
28069917,8,EOT (Holographic),★★★★★,EOT 518,-,-,5,10,-,-,-5,-,-,-,-,-,-,-,-,-,10000,10,0,
28561018,15,PEQ (Night Equip),★★★★,PEQ-15,-,-,-,-,-,-,-,-,-,-,-,-,-,-,84%,-,0,0,0,
33264341,4,Optical,★★★★★,VFL 6-24X56,172380332,NTW-20 Mod,-,-,-,-,-,-,38%,-,-,-,-,-,-,-,3500,6,9,
33264460,90,Cape (Body),★★★★★,Thermoptic Camouflage Cape,140022123,KSVK Mod,-,-,-,-3,-,23%,-,-,-,-,-,-,-,-,7200,8,1,
33418153,66,Supp (Silencer),★★★★★,AC4 Suppressor,170131997,Welrod MkⅡ Mod,-,-,8,-,-,-,16%,-,-,-,-,-,-,-,925,3,6,
33420600,8,EOT (Holographic),★★★★★,EOT 518,-,-,7,12,-,-,-4,-,-,-,-,-,-,-,-,-,1900,5,19,
33651185,65,Supp (Silencer),★★★★,AC3 Suppressor,-,-,-,-,4,-,-,-,9%,-,-,-,-,-,-,-,0,0,0,
33686464,92,Sp. Eq (Exclusive),★★★★★,UMP UX Exoskeleton,134545936,UMP9 Mod,-,-,31,-,-,21%,-,-,-,-,-,-,-,-,10550,6,15,
33692611,32,HV (Ammo),★★★★★,APCR High-Velocity Ammo,134670274,M4 SOPMOD II Mod,16,-,-,-,-,-,-,-,-,-,-,-,-,-,1901,5,6,
33711669,31,HV (Ammo),★★★★,JHP High-Velocity Ammo,-,-,5,-,-,-,-,-,-,-,-,-,-,-,-,-,0,0,0,
33734263,65,Supp (Silencer),★★★★,AC3 Suppressor,178229549,Five-seven,-,-,5,-,-,-,11%,-,-,-,-,-,-,-,1,0,0,
33734266,71,HP (Ammo),★★★★,ILM Hollow-Point Ammo,170115666,HS2000,6,-,-,-,-,-,-,-4,-,-,-,-,-,-,1,0,0,
33734847,71,HP (Ammo),★★★★,ILM Hollow-Point Ammo,185768735,Lusa,4,-,-,-,-,-,-,-5,-,-,-,-,-,-,0,0,0,
33745579,19,AP (Ammo),★★★★,Mk169 Armor-Piercing Ammo,-,-,-,-,-,-,-,-,-,100,-,-,-,-,-,-,1,0,0,
33745581,16,PEQ (Night Equip),★★★★★,PEQ-16A,-,-,-,-,-,-,-,-,-,-,-,-,-,-,100%,-,1,0,0,
33745582,20,AP (Ammo),★★★★★,Mk211 High-Explosive Armor-Piercing Ammo,170092692,Pekola,-,-,-,-,-,-,-,150,-,-,-,-,-,-,2501,5,0,
33782449,40,T Exo (Body),★★★★★,IOP T4 Exoskeleton,105041076,Astra,-6,-,31,-,-,-,-,-,-,-,-,-,-,-,2875,6,11,
33806737,39,T Exo (Body),★★★★,IOP T3 Exoskeleton,-,-,-5,-,14,-,-,-,-,-,-,-,-,-,-,-,0,0,0,
33842647,39,T Exo (Body),★★★★,IOP T3 Exoskeleton,-,-,-5,-,14,-,-,-,-,-,-,-,-,-,-,-,0,0,0,
33842891,60,Sp. Eq (Exclusive),★★★★★,.300BLK High-Velocity Ammo,134741203,ST AR-15 Mod,33,-,-,-,-10,-,-,-,-,-,-,-,-,-,22125,8,14,Locked
33876776,16,PEQ (Night Equip),★★★★★,PEQ-16A,-,-,-,-,-,-,-,-,-,-,-,-,-,-,100%,-,0,0,7,
33904075,80,Slug (Shell),★★★★★,SABOT Slug,-,-,-,9,-,-,-,-,-,-,-,-,-,-,-,-,1,0,0,
33925593,4,Optical,★★★★★,VFL 6-24X56,134108808,M4A1 Mod,-,-,-,-,-,-,43%,-,-,-,-,-,-,-,5600,8,5,
33940152,58,X Exo (Body),★★★★★,IOP X4 Exoskeleton,145711625,C-93,-,-,13,-,-,-,-,-,-,-,-,-,-,-,5800,8,0,
33970258,4,Optical,★★★★★,VFL 6-24X56,134741203,ST AR-15 Mod,-,-,-,-,-,-,43%,-,-,-,-,-,-,-,5600,8,8,
33974775,8,EOT (Holographic),★★★★★,EOT 518,-,-,4,7,-,-,-5,-,-,-,-,-,-,-,-,-,0,0,0,
33976425,65,Supp (Silencer),★★★★,AC3 Suppressor,-,-,-,-,4,-,-,-,9%,-,-,-,-,-,-,-,0,0,0,
33995932,40,T Exo (Body),★★★★★,IOP T4 Exoskeleton,187164678,Kolibri,-7,-,32,-,-,-,-,-,-,-,-,-,-,-,5600,8,0,
34006172,252,Sp. Eq (Exclusive),★★★★★,Grimoire Vol. II,170283185,Hanazono Yurine,4,1,-,-,-,-,30%,-,-,-,-,-,-,-,10226,6,0,
34006174,255,Sp. Eq (Exclusive),★★★★★,Paper Bag Helmet,-,-,10,-,-,-,12,-50%,-,-,-,-,-,-,-,-,1,0,0,
34029046,65,Supp (Silencer),★★★★,AC3 Suppressor,105151109,Thompson,-,-,4,-,-,-,9%,-,-,-,-,-,-,-,0,0,0,
34054930,254,Sp. Eq (Exclusive),★★★★★,Donut of Sweet Dreams,170092692,Pekola,-,-,-,-3,-,41%,-,-,-,-,-,-,-,-,16851,8,2,
34097824,99,Sp. Eq (Exclusive),★★★★★,Inherited Case,134108808,M4A1 Mod,20,-,-,-,20,-,-,-,15,-,-,-,-,-,30000,10,5,Locked
34116439,65,Supp (Silencer),★★★★,AC3 Suppressor,145711625,C-93,-,-,4,-,-,-,9%,-,-,-,-,-,-,-,0,0,0,
34131360,221,Sp. Eq (Exclusive),★★★★★,Magnetic Accelerated Rounds,137111873,Type88 Mod,4,-,-,-,-,-,-,168,-,-,-,-,-,-,18451,8,6,Locked
34155545,89,Cape (Body),★★★★,Urban Camouflage Cape,-,-,-,-,-,-3,-,8%,-,-,-,-,-,-,-,-,0,0,0,
34197354,44,Plate (Body),★★★★★,Type 3 Armor Plate,177424357,DP-12,-,-,-3,-,-,-,-,-,10,-,-,-,-,-,5650,8,5,
34223045,228,SLAP (Ammo),★★★★,Mk900 SLAP,-,-,-,-,-,-,-5,-,-,351,-,-,-,-,-,-,2800,8,0,
34234631,228,SLAP (Ammo),★★★★,Mk900 SLAP,172739328,ZB-26,-,-,-,-,-5,-,-,199,-,-,-,-,-,-,0,0,0,
34238278,169,Sp. Eq (Exclusive),★★★★★,Am RFB Quad Rail,-,-,-,-,-,-,-,8%,18%,-,-,-,-,-,-,-,1,0,0,
34282172,234,Chip (Body),★★★★★,#2 Processor,-,-,12,-,-,-,19,-50%,-,-,-,-,-,-,-,-,6400,8,0,
34284711,76,Buck (Shell),★★★★★,#000 Buckshot,-,-,15,-,-,-,-,22%,-,-,-,-,-,-,-,-,10000,10,6,
34286667,71,HP (Ammo),★★★★,ILM Hollow-Point Ammo,104440222,MP-446 Mod,4,-,-,-,-,-,-,-4,-,-,-,-,-,-,0,0,0,
34287376,71,HP (Ammo),★★★★,ILM Hollow-Point Ammo,139525998,P90,4,-,-,-,-,-,-,-5,-,-,-,-,-,-,0,0,0,
34287922,72,HP (Ammo),★★★★★,ILM Hollow-Point Ammo,187164678,Kolibri,12,-,-,-,-,-,-,-7,-,-,-,-,-,-,2375,5,4,
34288633,71,HP (Ammo),★★★★,ILM Hollow-Point Ammo,134774294,Gr MP5 Mod,5,-,-,-,-,-,-,-4,-,-,-,-,-,-,0,0,0,
34289794,71,HP (Ammo),★★★★,ILM Hollow-Point Ammo,134546160,SAA Mod,4,-,-,-,-,-,-,-5,-,-,-,-,-,-,0,0,0,
34300791,211,Sp. Eq (Exclusive),★★★★★,Arisaka AP Rounds,169537728,4 Shiki,9,-,-,-,-,-,-,168,-,-,-,-,-,-,17576,8,6,Locked
34302749,224,RMR (Auxiliary Sight),★★★★★,RMR T4 Red Dot Sight,-,-,-,13,-,-,-,-,18%,-,-,-,-,-,-,-,1350,4,0,
34321336,67,Box (MG Clip),★★★★,IOP High-Capacity Ammo Box,-,-,-,-,-1,-,-,-,-,-,-,-,-,-,-,1,0,0,0,
34356393,228,SLAP (Ammo),★★★★,Mk900 SLAP,-,-,-,-,-,-,-5,-,-,195,-,-,-,-,-,-,0,0,0,
34413162,67,Box (MG Clip),★★★★,IOP High-Capacity Ammo Box,-,-,-,-,-1,-,-,-,-,-,-,-,-,-,-,1,1,0,0,
34427142,32,HV (Ammo),★★★★★,APCR High-Velocity Ammo,135561008,Gr G11 Mod,17,-,-,-,-,-,-,-,-,-,-,-,-,-,10000,10,0,
34511316,234,Chip (Body),★★★★★,#2 Processor,-,-,11,-,-,-,20,-50%,-,-,-,-,-,-,-,-,5600,8,3,
34511317,224,RMR (Auxiliary Sight),★★★★★,RMR T4 Red Dot Sight,144383185,Contender,-,15,-,-,-,-,23%,-,-,-,-,-,-,-,5600,8,0,
34511351,234,Chip (Body),★★★★★,#2 Processor,-,-,9,-,-,-,14,-50%,-,-,-,-,-,-,-,-,1375,4,0,
34555421,234,Chip (Body),★★★★★,#2 Processor,-,-,11,-,-,-,18,-50%,-,-,-,-,-,-,-,-,4050,7,0,
34563800,225,Flare (Ammo),★★★★★,Signal Flare,168171873,P22,-,-,-,-,-2,-,-,-,-,-,-,-,-,-,0,0,0,
34581694,20,AP (Ammo),★★★★★,Mk211 High-Explosive Armor-Piercing Ammo,172380332,NTW-20 Mod,-,-,-,-,-,-,-,140,-,-,-,-,-,-,1900,5,0,
34581761,226,SNIP (Ammo),★★★★,M33 Sniper Rounds,173175119,Carcano M91/38,3,-,-,-,-,-,-,80,-,-,-,-,-,-,2800,8,0,
34581770,20,AP (Ammo),★★★★★,Mk211 High-Explosive Armor-Piercing Ammo,185127830,Type56R Mod,-,-,-,-,-,-,-,140,-,-,-,-,-,-,2300,5,0,
34581805,71,HP (Ammo),★★★★,ILM Hollow-Point Ammo,145711625,C-93,4,-,-,-,-,-,-,-5,-,-,-,-,-,-,0,0,0,
34581806,229,SLAP (Ammo),★★★★★,Mk1000 SLAP,179821857,Kord,-,-,-,-,-5,-,-,435,-,-,-,-,-,-,5650,8,0,
34585699,65,Supp (Silencer),★★★★,AC3 Suppressor,105041076,Astra,-,-,4,-,-,-,9%,-,-,-,-,-,-,-,0,0,0,
34612886,266,Sp. Eq (Exclusive),★★★★★,ImpulsIIA/C,138482931,Px4 Storm,-,-,19,-,-,-,14%,-,-,-,-,-,-,-,14551,7,0,Locked
34613439,225,Flare (Ammo),★★★★★,Signal Flare,140713963,Gr Mk23,-,-,-,-,-2,-,-,-,-,-,-,-,-,-,0,0,0,
34627790,40,T Exo (Body),★★★★★,IOP T4 Exoskeleton,178192142,Webley,-6,-,31,-,-,-,-,-,-,-,-,-,-,-,2975,6,6,
34635804,12,Red Dot,★★★★★,ITI MARS,-,-,-,12,-,-,-2,-,-,-,-,-,-,-,-,-,0,0,0,
34646322,16,PEQ (Night Equip),★★★★★,PEQ-16A,-,-,-,-,-,-,-,-,-,-,-,-,-,-,94%,-,0,0,0,
34657671,225,Flare (Ammo),★★★★★,Signal Flare,178229549,Five-seven,-,-,-,-,-3,-,-,-,-,-,-,-,-,-,1,0,0,
34658505,231,Birdshot (Shell),★★★★★,#7.5 Birdshot,-,-,-,-,-,-,6,-18%,-,-,-,-,-,-,-,-,0,0,0,
34675317,71,HP (Ammo),★★★★,ILM Hollow-Point Ammo,104426890,PPK,4,-,-,-,-,-,-,-5,-,-,-,-,-,-,0,0,0,
34699090,39,T Exo (Body),★★★★,IOP T3 Exoskeleton,-,-,-5,-,15,-,-,-,-,-,-,-,-,-,-,-,0,0,0,
34748506,231,Birdshot (Shell),★★★★★,#7.5 Birdshot,-,-,-,-,-,-,6,-15%,-,-,-,-,-,-,-,-,0,0,0,
34785270,224,RMR (Auxiliary Sight),★★★★★,RMR T4 Red Dot Sight,-,-,-,16,-,-,-,-,24%,-,-,-,-,-,-,-,5600,8,0,
34803447,126,Sp. Eq (Exclusive),★★★★★,Dinergate RO,134670274,M4 SOPMOD II Mod,30,12,-,-,-2,-,-,-,-,-,-,-,-,-,13976,7,16,Locked
34812971,216,Sp. Eq (Exclusive),★★★★★,20-gauge Custom Slug Rounds,-,-,6,-,-,-,-,-,13%,-,-,-,-,-,-,-,401,0,0,
34837524,32,HV (Ammo),★★★★★,APCR High-Velocity Ammo,140435157,416 Mod,13,-,-,-,-,-,-,-,-,-,-,-,-,-,4100,7,0,
34846859,76,Buck (Shell),★★★★★,#000 Buckshot,-,-,8,-,-,-,-,11%,-,-,-,-,-,-,-,-,0,0,0,
34868545,259,Sp. Eq (Exclusive),★★★★★,Old Camouflage Uniform,-,-,-,-,-,-,-,20%,-,-,-,-,-,-,-,-,1,0,0,
34906437,90,Cape (Body),★★★★★,Thermoptic Camouflage Cape,185127830,Type56R Mod,-,-,-,-3,-,23%,-,-,-,-,-,-,-,-,7400,8,7,
34907098,40,T Exo (Body),★★★★★,IOP T4 Exoskeleton,-,-,-6,-,35,-,-,-,-,-,-,-,-,-,-,-,10000,10,6,
34908290,4,Optical,★★★★★,VFL 6-24X56,136255982,AN-94,-,-,-,-,-,-,43%,-,-,-,-,-,-,-,5600,8,8,
34909563,100,Sp. Eq (Exclusive),★★★★★,Lightweight Rail Kit,134741203,ST AR-15 Mod,14,9,-,-,-,27%,-,-,-,-,-,-,-,-,17226,8,2,Locked
34919206,65,Supp (Silencer),★★★★,AC3 Suppressor,134546160,SAA Mod,-,-,4,-,-,-,9%,-,-,-,-,-,-,-,0,0,0,
34919567,66,Supp (Silencer),★★★★★,AC4 Suppressor,-,-,-,-,9,-,-,-,16%,-,-,-,-,-,-,-,4100,7,4,
34934985,40,T Exo (Body),★★★★★,IOP T4 Exoskeleton,139525998,P90,-6,-,32,-,-,-,-,-,-,-,-,-,-,-,4275,7,9,
34936979,72,HP (Ammo),★★★★★,ILM Hollow-Point Ammo,178192142,Webley,8,-,-,-,-,-,-,-8,-,-,-,-,-,-,1900,5,0,
34963951,235,Flash (Shell),★★★★★,Shotgun Flash Shells,182082696,M26-MASS,-,10,-,-,-,-,-,-,-,-,-,-,-,-,1900,5,0,
35000721,16,PEQ (Night Equip),★★★★★,PEQ-16A,-,-,-,-,-,-,-,-,-,-,-,-,-,-,93%,-,0,0,0,
35032600,72,HP (Ammo),★★★★★,ILM Hollow-Point Ammo,170054438,Grizzly,9,-,-,-,-,-,-,-8,-,-,-,-,-,-,1650,4,0,
35032881,234,Chip (Body),★★★★★,#2 Processor,136255982,AN-94,15,-,-,-,25,-50%,-,-,-,-,-,-,-,-,10000,10,16,
35089609,4,Optical,★★★★★,VFL 6-24X56,-,-,-,-,-,-,-,-,28%,-,-,-,-,-,-,-,2000,5,0,
35096634,235,Flash (Shell),★★★★★,Shotgun Flash Shells,-,-,-,9,-,-,-,-,-,-,-,-,-,-,-,-,1,0,0,
35103225,8,EOT (Holographic),★★★★★,EOT 518,-,-,4,7,-,-,-5,-,-,-,-,-,-,-,-,-,0,0,0,
35104498,71,HP (Ammo),★★★★,ILM Hollow-Point Ammo,105041076,Astra,4,-,-,-,-,-,-,-5,-,-,-,-,-,-,0,0,0,
35153766,16,PEQ (Night Equip),★★★★★,PEQ-16A,-,-,-,-,-,-,-,-,-,-,-,-,-,-,95%,-,1,0,0,
35155421,65,Supp (Silencer),★★★★,AC3 Suppressor,-,-,-,-,4,-,-,-,9%,-,-,-,-,-,-,-,0,0,0,
35159731,12,Red Dot,★★★★★,ITI MARS,-,-,-,13,-,-,-2,-,-,-,-,-,-,-,-,-,0,0,0,
35173064,39,T Exo (Body),★★★★,IOP T3 Exoskeleton,-,-,-5,-,14,-,-,-,-,-,-,-,-,-,-,-,0,0,0,
35175332,39,T Exo (Body),★★★★,IOP T3 Exoskeleton,-,-,-5,-,14,-,-,-,-,-,-,-,-,-,-,-,0,0,0,
35182390,39,T Exo (Body),★★★★,IOP T3 Exoskeleton,-,-,-5,-,14,-,-,-,-,-,-,-,-,-,-,-,0,0,0,
35239363,236,Sp. Eq (Exclusive),★★★★★,Thompson's Exoskeleton,105151109,Thompson,-8,-,31,-,-,-,-,-,-,-,-,-,-,-,4376,4,3,Locked
35258741,66,Supp (Silencer),★★★★★,AC4 Suppressor,175290268,JS 9,-,-,7,-,-,-,12%,-,-,-,-,-,-,-,0,0,0,
35284275,16,PEQ (Night Equip),★★★★★,PEQ-16A,-,-,-,-,-,-,-,-,-,-,-,-,-,-,97%,-,0,0,3,
35334450,4,Optical,★★★★★,VFL 6-24X56,184951704,Negev,-,-,-,-,-,-,37%,-,-,-,-,-,-,-,5600,8,0,
35361371,197,Sp. Eq (Exclusive),★★★★★,Mk31 Multi-functional Exoskeleton,-,-,-6,-,25,-,-,-,-,-,-,-,-,-,-,-,1,0,0,
35399521,40,T Exo (Body),★★★★★,IOP T4 Exoskeleton,185768735,Lusa,-7,-,28,-,-,-,-,-,-,-,-,-,-,-,5600,8,0,
35407467,15,PEQ (Night Equip),★★★★,PEQ-15,-,-,-,-,-,-,-,-,-,-,-,-,-,-,79%,-,0,0,0,
35408301,31,HV (Ammo),★★★★,JHP High-Velocity Ammo,-,-,6,-,-,-,-,-,-,-,-,-,-,-,-,-,0,0,0,
35425180,39,T Exo (Body),★★★★,IOP T3 Exoskeleton,-,-,-5,-,14,-,-,-,-,-,-,-,-,-,-,-,0,0,0,
35466659,228,SLAP (Ammo),★★★★,Mk900 SLAP,184951503,RPK-203,-,-,-,-,-5,-,-,197,-,-,-,-,-,-,0,0,0,
35502184,233,Chip (Body),★★★★,#1 Processor,-,-,4,-,-,-,8,-50%,-,-,-,-,-,-,-,-,1,0,0,
35525546,235,Flash (Shell),★★★★★,Shotgun Flash Shells,177424357,DP-12,-,9,-,-,-,-,-,-,-,-,-,-,-,-,1,0,0,
35532926,3,Optical,★★★★,PSO-1,-,-,-,-,-,-,-,-,15%,-,-,-,-,-,-,-,0,0,0,
35569442,12,Red Dot,★★★★★,ITI MARS,-,-,-,12,-,-,-3,-,-,-,-,-,-,-,-,-,0,0,0,
35569793,8,EOT (Holographic),★★★★★,EOT 518,-,-,5,6,-,-,-5,-,-,-,-,-,-,-,-,-,0,0,0,
35574575,67,Box (MG Clip),★★★★,IOP High-Capacity Ammo Box,-,-,-,-,-1,-,-,-,-,-,-,-,-,-,-,1,0,0,0,
35574576,67,Box (MG Clip),★★★★,IOP High-Capacity Ammo Box,-,-,-,-,-1,-,-,-,-,-,-,-,-,-,-,1,0,0,0,
35590990,65,Supp (Silencer),★★★★,AC3 Suppressor,168171873,P22,-,-,4,-,-,-,9%,-,-,-,-,-,-,-,0,0,0,
35602666,8,EOT (Holographic),★★★★★,EOT 518,-,-,4,8,-,-,-5,-,-,-,-,-,-,-,-,-,0,0,0,
35621577,65,Supp (Silencer),★★★★,AC3 Suppressor,178192142,Webley,-,-,4,-,-,-,9%,-,-,-,-,-,-,-,0,0,0,
35632338,237,Sp. Eq (Exclusive),★★★★★,MkV Mobility Skeleton,170054438,Grizzly,-,-,28,3,-,-,-,-,-,-,-,-,-,-,17076,8,16,Locked
35634406,40,T Exo (Body),★★★★★,IOP T4 Exoskeleton,144383185,Contender,-7,-,29,-,-,-,-,-,-,-,-,-,-,-,5676,8,0,
35635745,40,T Exo (Body),★★★★★,IOP T4 Exoskeleton,170115666,HS2000,-7,-,27,-,-,-,-,-,-,-,-,-,-,-,6000,8,0,
35684694,62,Sp. Eq (Exclusive),★★★★★,GSG UX Exoskeleton,134774294,Gr MP5 Mod,-7,-,55,-,-,-,-,-,-,-,-,-,-,-,17350,8,17,
35686933,61,Sp. Eq (Exclusive),★★★★★,Titan Fire-Control Chip,134774400,M1918,-3,-,-,-,-7,-,-,-,-,-,-,-,-,3,5650,5,0,
35689041,224,RMR (Auxiliary Sight),★★★★★,RMR T4 Red Dot Sight,-,-,-,10,-,-,-,-,13%,-,-,-,-,-,-,-,0,0,0,
35702299,67,Box (MG Clip),★★★★,IOP High-Capacity Ammo Box,184951503,RPK-203,-,-,-1,-,-,-,-,-,-,-,-,-,-,1,0,0,0,
35703370,224,RMR (Auxiliary Sight),★★★★★,RMR T4 Red Dot Sight,-,-,-,10,-,-,-,-,13%,-,-,-,-,-,-,-,1,0,0,
35722233,91,Sp. Eq (Exclusive),★★★★★,Special Warfare Mobile Suit,134774273,M16A1,-,-20,9,-,-10,-,-,-,18,-,-,-,-,-,14975,7,0,Locked
35735247,86,Sp. Eq (Exclusive),★★★★★,Hayha Memory Chip,106209319,Mosin-Nagant Mod,20,-,4,-,-,28%,-,-,-,-,-,-,-,-,18400,8,5,Locked
35736490,133,Sp. Eq (Exclusive),★★★★★,Stechkin Buttstock,138597581,Stechkin Mod,-,1,9,-,-,-,16%,-,-,-,-,-,-,-,16825,8,1,Locked
35759893,155,Sp. Eq (Exclusive),★★★★★,PPK Suppressor,104426890,PPK,-,-,16,-,-,-,21%,-,-,-,-,-,-,-,15951,7,1,Locked
35798553,106,Sp. Eq (Exclusive),★★★★★,EOT XPS3,140435157,416 Mod,7,13,-,-,-,-,23%,-,-,-,-,-,-,-,18125,8,6,Locked
35817519,8,EOT (Holographic),★★★★★,EOT 518,-,-,4,8,-,-,-5,-,-,-,-,-,-,-,-,-,0,0,0,
35869235,72,HP (Ammo),★★★★★,ILM Hollow-Point Ammo,170131997,Welrod MkⅡ Mod,8,-,-,-,-,-,-,-9,-,-,-,-,-,-,400,1,0,
35897984,19,AP (Ammo),★★★★,Mk169 Armor-Piercing Ammo,-,-,-,-,-,-,-,-,-,94,-,-,-,-,-,-,0,0,0,
35945991,225,Flare (Ammo),★★★★★,Signal Flare,138482931,Px4 Storm,-,-,-,-,-3,-,-,-,-,-,-,-,-,-,1,0,0,
35972173,12,Red Dot,★★★★★,ITI MARS,-,-,-,13,-,-,-3,-,-,-,-,-,-,-,-,-,0,0,0,
35986099,264,Sp. Eq (Exclusive),★★★★★,PK Exclusive Tripod,-,-,3,4,-,-,-,-,20%,-,-,-,-,-,-,-,1,0,0,
36005277,80,Slug (Shell),★★★★★,SABOT Slug,-,-,-,9,-,-,-,-,-,-,-,-,-,-,-,-,0,0,0,
36018767,12,Red Dot,★★★★★,ITI MARS,-,-,-,11,-,-,-2,-,-,-,-,-,-,-,-,-,0,0,0,
36068771,4,Optical,★★★★★,VFL 6-24X56,140022123,KSVK Mod,-,-,-,-,-,-,38%,-,-,-,-,-,-,-,4000,6,10,
36074879,39,T Exo (Body),★★★★,IOP T3 Exoskeleton,-,-,-5,-,15,-,-,-,-,-,-,-,-,-,-,-,0,0,0,
36164449,242,Sp. Eq (Exclusive),★★★★★,7N14,169780524,SVD,1,-,-,-,-,-,-,151,-,-,-,-,-,-,9076,6,0,Locked
36203587,226,SNIP (Ammo),★★★★,M33 Sniper Rounds,-,-,2,-,-,-,-,-,-,54,-,-,-,-,-,-,0,0,0,
36203712,31,HV (Ammo),★★★★,JHP High-Velocity Ammo,-,-,6,-,-,-,-,-,-,-,-,-,-,-,-,-,0,0,0,
36290162,231,Birdshot (Shell),★★★★★,#7.5 Birdshot,-,-,-,-,-,-,6,-18%,-,-,-,-,-,-,-,-,0,0,0,
36395449,235,Flash (Shell),★★★★★,Shotgun Flash Shells,-,-,-,8,-,-,-,-,-,-,-,-,-,-,-,-,0,0,0,
36459054,58,X Exo (Body),★★★★★,IOP X4 Exoskeleton,104426890,PPK,-,-,14,-,-,-,-,-,-,-,-,-,-,-,5601,8,0,
36472874,58,X Exo (Body),★★★★★,IOP X4 Exoskeleton,-,-,-,-,9,-,-,-,-,-,-,-,-,-,-,-,1,0,0,
36480339,147,Sp. Eq (Exclusive),★★★★★,White Knight's Armor,181384314,Sei Asagiri,-,-,22,-,-,-,-,-,-,-,-,-,-,-,3676,4,0,
36536969,76,Buck (Shell),★★★★★,#000 Buckshot,-,-,7,-,-,-,-,12%,-,-,-,-,-,-,-,-,0,0,0,
36547045,228,SLAP (Ammo),★★★★,Mk900 SLAP,184951704,Negev,-,-,-,-,-5,-,-,350,-,-,-,-,-,-,2800,8,0,
36577738,226,SNIP (Ammo),★★★★,M33 Sniper Rounds,-,-,1,-,-,-,-,-,-,51,-,-,-,-,-,-,0,0,0,
36580755,235,Flash (Shell),★★★★★,Shotgun Flash Shells,181138427,Nova,-,8,-,-,-,-,-,-,-,-,-,-,-,-,0,0,0,
36598684,44,Plate (Body),★★★★★,Type 3 Armor Plate,-,-,-,-,-3,-,-,-,-,-,10,-,-,-,-,-,5825,8,1,
36612552,16,PEQ (Night Equip),★★★★★,PEQ-16A,-,-,-,-,-,-,-,-,-,-,-,-,-,-,93%,-,0,0,0,
36612554,8,EOT (Holographic),★★★★★,EOT 518,-,-,5,7,-,-,-5,-,-,-,-,-,-,-,-,-,0,0,0,
36612625,58,X Exo (Body),★★★★★,IOP X4 Exoskeleton,168171873,P22,-,-,15,-,-,-,-,-,-,-,-,-,-,-,5600,8,0,
36612638,16,PEQ (Night Equip),★★★★★,PEQ-16A,-,-,-,-,-,-,-,-,-,-,-,-,-,-,93%,-,0,0,0,
36612640,66,Supp (Silencer),★★★★★,AC4 Suppressor,134774294,Gr MP5 Mod,-,-,6,-,-,-,12%,-,-,-,-,-,-,-,0,0,0,
36612752,12,Red Dot,★★★★★,ITI MARS,-,-,-,12,-,-,-3,-,-,-,-,-,-,-,-,-,0,0,0,
36618398,12,Red Dot,★★★★★,ITI MARS,-,-,-,12,-,-,-3,-,-,-,-,-,-,-,-,-,0,0,0,
36639841,137,Sp. Eq (Exclusive),★★★★★,Adelhyde,182669288,Jill Stingray,-,-,15,-,-,-,-,-,-,-,-,-,-,-,1,0,0,
36639842,138,Sp. Eq (Exclusive),★★★★★,Flanergide,-,-,-,-,15,-,-,-,-,-,-,-,-,-,-,-,1,0,0,
36639843,139,Sp. Eq (Exclusive),★★★★★,Adelhyde,182669288,Jill Stingray,-,-,15,-,-,-,-,-,-,-,-,-,-,-,1,0,0,Locked
36639844,140,Sp. Eq (Exclusive),★★★★★,Bronson Extract,-,-,-,-,15,-,-,-,-,-,-,-,-,-,-,-,1,0,0,
36639845,141,Sp. Eq (Exclusive),★★★★★,Powdered Delta,182669288,Jill Stingray,-,-,15,-,-,-,-,-,-,-,-,-,-,-,1,0,0,
36639846,142,Sp. Eq (Exclusive),★★★★★,Karmotrine,-,-,-,-,15,-,-,-,-,-,-,-,-,-,-,-,1,0,0,
36639847,143,Sp. Eq (Exclusive),★★★★★,Karmotrine,-,-,-,-,15,-,-,-,-,-,-,-,-,-,-,-,1,0,0,
36639848,144,Sp. Eq (Exclusive),★★★★★,Karmotrine,-,-,-,-,15,-,-,-,-,-,-,-,-,-,-,-,1,0,0,
36705354,65,Supp (Silencer),★★★★,AC3 Suppressor,170115666,HS2000,-,-,4,-,-,-,9%,-,-,-,-,-,-,-,0,0,0,
36724789,246,Sp. Eq (Exclusive),★★★★★,RBL Grip,-,-,-,-,9,-,-,-,14%,-,-,-,-,-,-,-,1,0,0,
36732112,72,HP (Ammo),★★★★★,ILM Hollow-Point Ammo,175290268,JS 9,9,-,-,-,-,-,-,-9,-,-,-,-,-,-,5600,8,0,
36740706,20,AP (Ammo),★★★★★,Mk211 High-Explosive Armor-Piercing Ammo,137876853,Rico,-,-,-,-,-,-,-,158,-,-,-,-,-,-,5600,8,0,
36775480,4,Optical,★★★★★,VFL 6-24X56,-,-,-,-,-,-,-,-,30%,-,-,-,-,-,-,-,5600,8,0,
36775482,90,Cape (Body),★★★★★,Thermoptic Camouflage Cape,137111873,Type88 Mod,-,-,-,-3,-,23%,-,-,-,-,-,-,-,-,5600,8,3,
36793878,32,HV (Ammo),★★★★★,APCR High-Velocity Ammo,-,-,9,-,-,-,-,-,-,-,-,-,-,-,-,-,0,0,0,
36805653,40,T Exo (Body),★★★★★,IOP T4 Exoskeleton,175290268,JS 9,-6,-,31,-,-,-,-,-,-,-,-,-,-,-,5600,8,0,
36806592,31,HV (Ammo),★★★★,JHP High-Velocity Ammo,-,-,6,-,-,-,-,-,-,-,-,-,-,-,-,-,0,0,0,
36820218,32,HV (Ammo),★★★★★,APCR High-Velocity Ammo,-,-,9,-,-,-,-,-,-,-,-,-,-,-,-,-,0,0,0,
36843046,224,RMR (Auxiliary Sight),★★★★★,RMR T4 Red Dot Sight,-,-,-,10,-,-,-,-,13%,-,-,-,-,-,-,-,1,0,0,
36861716,8,EOT (Holographic),★★★★★,EOT 518,-,-,5,7,-,-,-5,-,-,-,-,-,-,-,-,-,0,0,0,
36883775,90,Cape (Body),★★★★★,Thermoptic Camouflage Cape,173175119,Carcano M91/38,-,-,-,-3,-,23%,-,-,-,-,-,-,-,-,6101,8,1,
36891107,89,Cape (Body),★★★★,Urban Camouflage Cape,-,-,-,-,-,-3,-,8%,-,-,-,-,-,-,-,-,0,0,0,
36895590,89,Cape (Body),★★★★,Urban Camouflage Cape,172380332,NTW-20 Mod,-,-,-,-3,-,13%,-,-,-,-,-,-,-,-,1075,5,0,
36927779,12,Red Dot,★★★★★,ITI MARS,-,-,-,12,-,-,-3,-,-,-,-,-,-,-,-,-,0,0,0,
36978417,4,Optical,★★★★★,VFL 6-24X56,172739328,ZB-26,-,-,-,-,-,-,36%,-,-,-,-,-,-,-,5600,8,0,
36979352,12,Red Dot,★★★★★,ITI MARS,181138427,Nova,-,13,-,-,-3,-,-,-,-,-,-,-,-,-,0,0,0,
36996956,4,Optical,★★★★★,VFL 6-24X56,179821857,Kord,-,-,-,-,-,-,43%,-,-,-,-,-,-,-,5600,8,8,
37000127,224,RMR (Auxiliary Sight),★★★★★,RMR T4 Red Dot Sight,-,-,-,11,-,-,-,-,13%,-,-,-,-,-,-,-,0,0,0,
37030347,39,T Exo (Body),★★★★,IOP T3 Exoskeleton,-,-,-5,-,15,-,-,-,-,-,-,-,-,-,-,-,0,0,0,
37044651,89,Cape (Body),★★★★,Urban Camouflage Cape,-,-,-,-,-,-3,-,8%,-,-,-,-,-,-,-,-,0,0,0,
37053671,250,Sp. Eq (Exclusive),★★★★★,MkQ Light Exoskeleton,-,-,8,-,22,-,-,-,-,-,-,-,-,-,-,-,1,0,0,
37067568,68,Box (MG Clip),★★★★★,IOP Maximum Ammo Box,179821857,Kord,-,-,-3,-,-,-,-,-,-,-,-,-,-,4,5600,8,1,
37073874,8,EOT (Holographic),★★★★★,EOT 518,-,-,5,9,-,-,-5,-,-,-,-,-,-,-,-,-,0,0,0,
37077595,12,Red Dot,★★★★★,ITI MARS,-,-,-,11,-,-,-2,-,-,-,-,-,-,-,-,-,0,0,0,
37078222,4,Optical,★★★★★,VFL 6-24X56,138444454,R93,-,-,-,-,-,-,43%,-,-,-,-,-,-,-,5600,8,11,
37080200,8,EOT (Holographic),★★★★★,EOT 518,-,-,5,8,-,-,-5,-,-,-,-,-,-,-,-,-,0,0,0,
37088339,8,EOT (Holographic),★★★★★,EOT 518,-,-,5,7,-,-,-5,-,-,-,-,-,-,-,-,-,0,0,0,
37100549,4,Optical,★★★★★,VFL 6-24X56,135561008,Gr G11 Mod,-,-,-,-,-,-,43%,-,-,-,-,-,-,-,5600,8,12,
37100550,39,T Exo (Body),★★★★,IOP T3 Exoskeleton,137877288,M950A Mod,-5,-,15,-,-,-,-,-,-,-,-,-,-,-,0,0,0,
37102927,248,Sp. Eq (Exclusive),★★★★★,9A High-Performance Chip,-,-,9,-,-,-,14,-,-,-,-,-,-,-,-,-,1,0,0,
37114249,68,Box (MG Clip),★★★★★,IOP Maximum Ammo Box,173464257,Lewis,-,-,-3,-,-,-,-,-,-,-,-,-,-,4,5676,8,2,
37130841,190,Sp. Eq (Exclusive),★★★★★,G-box,135561008,Gr G11 Mod,20,10,-,-,-,25%,-,-,-,-,-,-,-,-,30000,10,2,Locked
37137022,12,Red Dot,★★★★★,ITI MARS,-,-,-,12,-,-,-3,-,-,-,-,-,-,-,-,-,0,0,0,
37144095,49,PEQ (Night Equip),★★★★★,16Lab Infrared Designator,-,-,-,-,-,-,-,-,-,-,-,-,-,-,100%,-,1,0,0,
37144142,32,HV (Ammo),★★★★★,APCR High-Velocity Ammo,-,-,11,-,-,-,-,-,-,-,-,-,-,-,-,-,0,0,0,
37162299,233,Chip (Body),★★★★,#1 Processor,-,-,4,-,-,-,8,-50%,-,-,-,-,-,-,-,-,0,0,0,
37163840,67,Box (MG Clip),★★★★,IOP High-Capacity Ammo Box,172739328,ZB-26,-,-,-1,-,-,-,-,-,-,-,-,-,-,1,0,0,0,
37180823,39,T Exo (Body),★★★★,IOP T3 Exoskeleton,-,-,-5,-,14,-,-,-,-,-,-,-,-,-,-,-,0,0,0,
37180825,4,Optical,★★★★★,VFL 6-24X56,-,-,-,-,-,-,-,-,30%,-,-,-,-,-,-,-,5600,8,0,
37182463,109,Optical,★★★★★,16Lab 6-24X56,173464257,Lewis,-,-,-,-,-,-,48%,-,-,-,-,-,-,-,10000,10,0,
37186497,12,Red Dot,★★★★★,ITI MARS,-,-,-,12,-,-,-1,-,-,-,-,-,-,-,-,-,0,0,0,
37186735,12,Red Dot,★★★★★,ITI MARS,-,-,-,11,-,-,-2,-,-,-,-,-,-,-,-,-,0,0,0,
37187376,76,Buck (Shell),★★★★★,#000 Buckshot,-,-,8,-,-,-,-,12%,-,-,-,-,-,-,-,-,0,0,0,
37200093,4,Optical,★★★★★,VFL 6-24X56,175028849,General Liu,-,-,-,-,-,-,43%,-,-,-,-,-,-,-,5600,8,8,
37200095,44,Plate (Body),★★★★★,Type 3 Armor Plate,-,-,-,-,-3,-,-,-,-,-,10,-,-,-,-,-,5600,8,3,
37200236,110,HV (Ammo),★★★★★,16Lab High-Velocity Ammo,-,-,18,-,-,-,-,-,-,-,-,-,-,-,-,-,5601,8,0,
37205955,104,Sp. Eq (Exclusive),★★★★★,Fire Selector,135280578,FF FN49 Mod,-,-,-,-,4,-,45%,-,-,-,-,-,-,-,26326,9,10,Locked
37220672,39,T Exo (Body),★★★★,IOP T3 Exoskeleton,178229549,Five-seven,-5,-,15,-,-,-,-,-,-,-,-,-,-,-,0,0,0,
37248287,228,SLAP (Ammo),★★★★,Mk900 SLAP,-,-,-,-,-,-,-5,-,-,198,-,-,-,-,-,-,0,0,0,
37287850,229,SLAP (Ammo),★★★★★,Mk1000 SLAP,173464257,Lewis,-,-,-,-,-5,-,-,241,-,-,-,-,-,-,0,0,0,
37301999,4,Optical,★★★★★,VFL 6-24X56,137876853,Rico,-,-,-,-,-,-,40%,-,-,-,-,-,-,-,10000,10,0,
37330995,233,Chip (Body),★★★★,#1 Processor,-,-,5,-,-,-,8,-50%,-,-,-,-,-,-,-,-,0,0,0,
37344340,65,Supp (Silencer),★★★★,AC3 Suppressor,137877288,M950A Mod,-,-,4,-,-,-,9%,-,-,-,-,-,-,-,0,0,0,
37362583,65,Supp (Silencer),★★★★,AC3 Suppressor,170054438,Grizzly,-,-,4,-,-,-,9%,-,-,-,-,-,-,-,0,0,0,
37375301,228,SLAP (Ammo),★★★★,Mk900 SLAP,-,-,-,-,-,-,-5,-,-,197,-,-,-,-,-,-,0,0,0,
37385466,12,Red Dot,★★★★★,ITI MARS,177424357,DP-12,-,12,-,-,-1,-,-,-,-,-,-,-,-,-,0,0,0,
37388335,228,SLAP (Ammo),★★★★,Mk900 SLAP,-,-,-,-,-,-,-5,-,-,197,-,-,-,-,-,-,0,0,0,
37389253,4,Optical,★★★★★,VFL 6-24X56,137111873,Type88 Mod,-,-,-,-,-,-,31%,-,-,-,-,-,-,-,5600,8,0,
37412828,8,EOT (Holographic),★★★★★,EOT 518,-,-,4,6,-,-,-5,-,-,-,-,-,-,-,-,-,0,0,0,
37425046,4,Optical,★★★★★,VFL 6-24X56,173175119,Carcano M91/38,-,-,-,-,-,-,43%,-,-,-,-,-,-,-,5600,8,6,
37437987,39,T Exo (Body),★★★★,IOP T3 Exoskeleton,104440222,MP-446 Mod,-5,-,14,-,-,-,-,-,-,-,-,-,-,-,0,0,0,
37454551,159,Sp. Eq (Exclusive),★★★★★,Tactical Headwear,140435157,416 Mod,22,-,18,-,-,9%,-,-,-,-,-,-,-,-,18026,8,6,Locked
37478462,226,SNIP (Ammo),★★★★,M33 Sniper Rounds,-,-,1,-,-,-,-,-,-,55,-,-,-,-,-,-,0,0,0,
37478463,20,AP (Ammo),★★★★★,Mk211 High-Explosive Armor-Piercing Ammo,138444454,R93,-,-,-,-,-,-,-,138,-,-,-,-,-,-,1775,4,0,
37484665,40,T Exo (Body),★★★★★,IOP T4 Exoskeleton,170131997,Welrod MkⅡ Mod,-7,-,29,-,-,-,-,-,-,-,-,-,-,-,5601,8,0,
37495982,32,HV (Ammo),★★★★★,APCR High-Velocity Ammo,136255982,AN-94,13,-,-,-,-,-,-,-,-,-,-,-,-,-,5600,8,0,
37507375,67,Box (MG Clip),★★★★,IOP High-Capacity Ammo Box,184951704,Negev,-,-,-1,-,-,-,-,-,-,-,-,-,-,1,0,0,0,
37516356,247,Sp. Eq (Exclusive),★★★★★,Hydraulic Recoil Mitigation System,-,-,-,-,-,-,-,8%,24%,-,-,-,-,-,-,-,1,0,0,
37517948,39,T Exo (Body),★★★★,IOP T3 Exoskeleton,134546160,SAA Mod,-5,-,14,-,-,-,-,-,-,-,-,-,-,-,0,0,0,
37518667,12,Red Dot,★★★★★,ITI MARS,-,-,-,12,-,-,-2,-,-,-,-,-,-,-,-,-,0,0,0,
37519037,65,Supp (Silencer),★★★★,AC3 Suppressor,-,-,-,-,4,-,-,-,9%,-,-,-,-,-,-,-,0,0,0,
37520023,12,Red Dot,★★★★★,ITI MARS,182082696,M26-MASS,-,12,-,-,-2,-,-,-,-,-,-,-,-,-,0,0,0,
37535076,19,AP (Ammo),★★★★,Mk169 Armor-Piercing Ammo,-,-,-,-,-,-,-,-,-,94,-,-,-,-,-,-,0,0,0,
37545823,89,Cape (Body),★★★★,Urban Camouflage Cape,138444454,R93,-,-,-,-3,-,14%,-,-,-,-,-,-,-,-,2800,8,0,
37555514,270,Sp. Eq (Exclusive),★★★★★,OMEGA Rail,-,-,2,10,-,-,-,-,13%,-,-,-,-,-,-,-,1,0,0,
37573486,233,Chip (Body),★★★★,#1 Processor,-,-,4,-,-,-,8,-50%,-,-,-,-,-,-,-,-,0,0,0,
37593888,233,Chip (Body),★★★★,#1 Processor,-,-,4,-,-,-,8,-50%,-,-,-,-,-,-,-,-,0,0,0,
37593889,44,Plate (Body),★★★★★,Type 3 Armor Plate,182082696,M26-MASS,-,-,-3,-,-,-,-,-,10,-,-,-,-,-,5600,8,3,
37631466,217,Sp. Eq (Exclusive),★★★★★,SB 2.5-10x56,-,-,3,-,-,-,-,-,25%,-,-,-,-,-,-,-,1,0,0,
37663376,65,Supp (Silencer),★★★★,AC3 Suppressor,-,-,-,-,4,-,-,-,9%,-,-,-,-,-,-,-,0,0,0,
37672532,8,EOT (Holographic),★★★★★,EOT 518,-,-,5,7,-,-,-4,-,-,-,-,-,-,-,-,-,1,0,0,
37694546,72,HP (Ammo),★★★★★,ILM Hollow-Point Ammo,144383185,Contender,7,-,-,-,-,-,-,-9,-,-,-,-,-,-,1,0,0,
37717685,4,Optical,★★★★★,VFL 6-24X56,170092692,Pekola,-,-,-,-,-,-,43%,-,-,-,-,-,-,-,5600,8,9,
37724283,65,Supp (Silencer),★★★★,AC3 Suppressor,187164678,Kolibri,-,-,4,-,-,-,9%,-,-,-,-,-,-,-,0,0,0,
37758951,231,Birdshot (Shell),★★★★★,#7.5 Birdshot,-,-,-,-,-,-,7,-16%,-,-,-,-,-,-,-,-,0,0,0,
37758953,226,SNIP (Ammo),★★★★,M33 Sniper Rounds,140022123,KSVK Mod,4,-,-,-,-,-,-,75,-,-,-,-,-,-,2800,8,3,
37770201,16,PEQ (Night Equip),★★★★★,PEQ-16A,-,-,-,-,-,-,-,-,-,-,-,-,-,-,94%,-,0,0,0,
37775074,226,SNIP (Ammo),★★★★,M33 Sniper Rounds,-,-,1,-,-,-,-,-,-,54,-,-,-,-,-,-,0,0,0,
37816265,4,Optical,★★★★★,VFL 6-24X56,184951503,RPK-203,-,-,-,-,-,-,34%,-,-,-,-,-,-,-,5675,8,0,
37817350,39,T Exo (Body),★★★★,IOP T3 Exoskeleton,140713963,Gr Mk23,-5,-,14,-,-,-,-,-,-,-,-,-,-,-,0,0,0,
37820793,192,Sp. Eq (Exclusive),★★★★★,Beloved Dangle,135948398,RO635 Mod,-8,-,41,-,-,-,-,-,-,-,-,-,-,-,16851,8,4,
37820982,12,Red Dot,★★★★★,ITI MARS,-,-,-,11,-,-,-2,-,-,-,-,-,-,-,-,-,0,0,0,
37830640,8,EOT (Holographic),★★★★★,EOT 518,-,-,4,6,-,-,-5,-,-,-,-,-,-,-,-,-,0,0,0,
37836797,8,EOT (Holographic),★★★★★,EOT 518,-,-,5,6,-,-,-5,-,-,-,-,-,-,-,-,-,0,0,0,
37871787,15,PEQ (Night Equip),★★★★,PEQ-15,-,-,-,-,-,-,-,-,-,-,-,-,-,-,79%,-,0,0,0,
37890243,12,Red Dot,★★★★★,ITI MARS,-,-,-,11,-,-,-3,-,-,-,-,-,-,-,-,-,0,0,0,
37901161,4,Optical,★★★★★,VFL 6-24X56,-,-,-,-,-,-,-,-,18%,-,-,-,-,-,-,-,0,0,0,
37901669,233,Chip (Body),★★★★,#1 Processor,-,-,4,-,-,-,9,-50%,-,-,-,-,-,-,-,-,0,0,0,
37904001,39,T Exo (Body),★★★★,IOP T3 Exoskeleton,138482931,Px4 Storm,-5,-,14,-,-,-,-,-,-,-,-,-,-,-,0,0,0,
37904288,134,Sp. Eq (Exclusive),★★★★★,MPL M21,136813075,Micro Uzi Mod,8,24,-,-,-3,-,-,-,-,-,-,-,-,-,8426,6,0,
37904754,65,Supp (Silencer),★★★★,AC3 Suppressor,185768735,Lusa,-,-,4,-,-,-,9%,-,-,-,-,-,-,-,0,0,0,
37907131,15,PEQ (Night Equip),★★★★,PEQ-15,-,-,-,-,-,-,-,-,-,-,-,-,-,-,79%,-,0,0,0,
37913292,65,Supp (Silencer),★★★★,AC3 Suppressor,134545936,UMP9 Mod,-,-,4,-,-,-,9%,-,-,-,-,-,-,-,0,0,0,
37918678,65,Supp (Silencer),★★★★,AC3 Suppressor,104440222,MP-446 Mod,-,-,4,-,-,-,10%,-,-,-,-,-,-,-,0,0,0,
37931896,8,EOT (Holographic),★★★★★,EOT 518,-,-,5,6,-,-,-5,-,-,-,-,-,-,-,-,-,0,0,0,
37934855,15,PEQ (Night Equip),★★★★,PEQ-15,-,-,-,-,-,-,-,-,-,-,-,-,-,-,78%,-,0,0,0,
37968769,88,Cape (Body),★★★,Camouflage Cape,-,-,-,-,-,-3,-,6%,-,-,-,-,-,-,-,-,0,0,0,
37968770,87,Cape (Body),★★,Ragged Cape,-,-,-,-,-,-3,-,3%,-,-,-,-,-,-,-,-,0,0,0,
37968771,88,Cape (Body),★★★,Camouflage Cape,-,-,-,-,-,-3,-,6%,-,-,-,-,-,-,-,-,0,0,0,
37968989,87,Cape (Body),★★,Ragged Cape,-,-,-,-,-,-3,-,3%,-,-,-,-,-,-,-,-,0,0,0,
37969583,276,Sp. Eq (Exclusive),★★★★★,M13 Receiver,-,-,-,-,8,-,-,-,13%,-,-,-,-,-,-,-,1,0,0,
37970132,17,AP (Ammo),★★,M61 Armor-Piercing Ammo,-,-,-,-,-,-,-,-,-,49,-,-,-,-,-,-,0,0,0,
37970134,13,PEQ (Night Equip),★★,PEQ-2,-,-,-,-,-,-,-,-,-,-,-,-,-,-,51%,-,0,0,0,
37970135,13,PEQ (Night Equip),★★,PEQ-2,-,-,-,-,-,-,-,-,-,-,-,-,-,-,52%,-,0,0,0,
